{
    "description": "HomCont state saved on Tue Sep 28 11:09:49 2021.",
    "step": 7680,
    "s": 3192.948125808343,
    "sign": 1.0,
    "ds": 0.05942687691319319,
    "y": [
        -2.3296419217070574,
        -2.2760737017517108,
        -2.3002596848944887,
        -2.3061978505756433,
        -2.315828185102836,
        -2.284439924382214,
        -2.2913341869883856,
        -2.30414256508323,
        -2.2955218568632216,
        -2.323701652387613,
        -2.3088167338531465,
        -2.3086459824518175,
        -2.3039154173734686,
        -2.30133788205882,
        -2.313832760428439,
        -2.2864430170421564,
        -2.329872949232214,
        -2.3002105558530515,
        -2.2753258535809295,
        -2.298438464943455,
        -2.3329129494367233,
        -2.3021577280401946,
        -2.2592335347768717,
        -2.3134238019875415,
        -2.303358744764812,
        -2.309722250372286,
        -2.3052407436275204,
        -2.32114504472498,
        -2.285614049769745,
        -2.29488434110991,
        -2.2998018013480355,
        -2.2957437095200564,
        -2.325742891907258,
        -2.3195902176868675,
        -2.3061271528606526,
        -2.259564865646784,
        -2.3023698960488708,
        -2.3132089764875206,
        -2.296029519659645,
        -2.309153451546672,
        -2.325827256514931,
        -2.313257624154693,
        -2.276911440748062,
        -2.2624255951213037,
        -2.313214750277301,
        -2.2836651564294854,
        -2.3258175053508925,
        -2.2817477328983746,
        -2.317830548675195,
        -2.3277810005688497,
        -2.3142943324259084,
        -2.3171436489143584,
        -2.294530482587419,
        -2.2632396094334424,
        -2.2924442910901655,
        -2.3108510811256293,
        -2.3073464110431616,
        -2.3062481818935394,
        -2.3237599209188264,
        -2.297323688484098,
        -2.2927521458638336,
        -2.3092365798629735,
        -2.294020823694318,
        -2.3112757965554795,
        -2.278436444630448,
        -2.3160635333625414,
        -2.2971811458233238,
        -2.329855790746714,
        -2.3081526355490483,
        -2.2898849831557744,
        -2.321757119886906,
        -2.2913878745823566,
        -2.3155264349180325,
        -2.337408081559325,
        -2.291243752778551,
        -2.26479056951674,
        -2.302549637445979,
        -2.320115489221498,
        -2.300655280888888,
        -2.282490680453936,
        -2.2996786395998994,
        -2.298551912860701,
        -2.2999623610651403,
        -2.295751961860189,
        -2.303958742426873,
        -2.296771464335377,
        -2.3115693754384616,
        -2.291829500377744,
        -2.3249955030737595,
        -2.303186273058224,
        -2.3142603479504444,
        -2.2895018464532337,
        -2.2845624396180897,
        -2.30668830305291,
        -2.323435175738929,
        -2.3231933655003507,
        -2.3063273799561137,
        -2.2848285050286408,
        -2.289420373100723,
        -2.3046403245515057,
        -2.297058271099482,
        -2.2919128139940295,
        -2.313952362764982,
        -2.319373293753576,
        -2.3029013026791225,
        -2.292237604917105,
        -2.2940000534902394,
        -2.294999167158758,
        -2.3084986497515576,
        -2.31136986037117,
        -2.310614082170037,
        -2.27629031319755,
        -2.298870505897534,
        -2.3094812407267336,
        -2.284829988454957,
        -2.2974901267590595,
        -2.3020723577095525,
        -2.3295968449158195,
        -2.2979521554886517,
        -2.3197554144940673,
        -2.3096460355872166,
        -2.3138061539927204,
        -2.2780338991739613,
        -2.307659859424569,
        -2.2970166508725707,
        -2.3036792218362647,
        -2.298872817763666,
        -2.319967132919868,
        -2.3057826622664717,
        -2.2920250904454957,
        -2.2925856962559816,
        -2.304656768538503,
        -2.307431857662201,
        -2.2845648491821224,
        -2.3091870574116724,
        -2.3076736636036244,
        -2.2828077510790057,
        -2.2962039516807407,
        -2.3126576636213554,
        -2.328956227114636,
        -2.291964959048853,
        -2.295779910980398,
        -2.306337443320589,
        -2.299167489528185,
        -2.2889420088151,
        -2.317809635385856,
        -2.310450246358768,
        -2.3207835622393818,
        -2.298931663930856,
        -2.296207989096759,
        -2.295972421197262,
        -2.3121969041786574,
        -2.2823185505850705,
        -2.279449695884796,
        -2.3051485470670015,
        -2.3013385480974495,
        -2.315044800908711,
        -2.302816686276783,
        -2.3150313264092195,
        -2.3173447785330943,
        -2.3026640658271638,
        -2.2934019334435547,
        -2.3280204969901916,
        -2.317395246325118,
        -2.3165071389633893,
        -2.2933607670376728,
        -2.3109312316870487,
        -2.2596650780935628,
        -2.319862130448661,
        -2.2859114512015397,
        -2.2831632801753505,
        -2.310737665387068,
        -2.282273836754394,
        -2.301029815553266,
        -2.314681513927219,
        -2.2801389110436467,
        -2.294249296047869,
        -2.327239686075773,
        -2.3324806136211707,
        -2.301394290694121,
        -2.3118194135909027,
        -2.278608656241482,
        -2.284788600557052,
        -2.29217640279131,
        -2.2928995429609094,
        -2.311221962370939,
        -2.2825145521617842,
        -2.3340264710225074,
        -2.3094227508157394,
        -2.3300928596733623,
        -2.3248986967103993,
        -2.2955029030880216,
        -2.2952063574986066,
        -2.317209522671509,
        -2.313680463599698,
        -2.304167983570643,
        -2.284935065964335,
        -2.2972738299406914,
        -2.3113850153539595,
        -2.2824726580869283,
        -2.3002544519437187,
        -2.3112759625411226,
        -2.2891077868291343,
        -2.298701754026063,
        -2.3128991901119567,
        -2.3318771775589533,
        -2.287472248669589,
        -2.2957585585379294,
        -2.291668168445996,
        -2.307663456626421,
        -2.31436490721117,
        -2.2979851200140895,
        -2.303737809147095,
        -2.303329743771432,
        -2.3019670829498633,
        -2.2934367334957195,
        -2.3101625595909656,
        -2.3041356571037324,
        -2.2954190132613532,
        -2.301491290572054,
        -2.2771663924685237,
        -2.305602890352839,
        -2.2914123607429997,
        -2.3029716710644395,
        -2.295288538231424,
        -2.3034820809937733,
        -2.2954974215767714,
        -2.3263402842746737,
        -2.3203975243920634,
        -2.3085927578895564,
        -2.3268124683421054,
        -2.3047471599970892,
        -2.2944755633721874,
        -2.2941263020063323,
        -2.309420787477531,
        -2.274421008986829,
        -2.296990695279912,
        -2.3161715061496797,
        -2.3068532869336487,
        -2.3027347927959387,
        -2.3165848978693844,
        -2.2998905954967963,
        -2.278291948194614,
        -2.308337111110999,
        -2.306204201458389,
        -2.2915608713400917,
        -2.302293304455562,
        -2.297901995942208,
        -2.316933793985749,
        -2.3084656440957203,
        -2.2804342387114254,
        -2.3104008953438973,
        -2.289357733737834,
        -2.2996115136495465,
        -2.3058878416311908,
        -2.3238447584548894,
        -2.2929202326336693,
        -2.3372048055388515,
        -2.300465138407995,
        -2.287085770418575,
        -2.315091384587635,
        -2.269582512245867,
        -2.2972905665315504,
        -2.3018812990446422,
        -2.314269757690806,
        -2.2959412914231287,
        -2.3316788282121768,
        -2.3165004237075055,
        -2.298665980101435,
        -2.286337713010348,
        -2.318812187324417,
        -2.289348783669373,
        -2.2767086060633392,
        -2.2913202219957443,
