{
    "description": "HomCont state saved on Thu Sep 23 10:03:34 2021.",
    "step": 6800,
    "s": 2875.3621376803903,
    "sign": 1.0,
    "ds": 0.047113310144559446,
    "y": [
        -2.342754229015743,
        -2.204510010189931,
        -2.23830770736871,
        -2.3293152693441193,
        -2.296693753097264,
        -2.2705455839367317,
        -2.307844902370203,
        -2.391889055220959,
        -2.360118276616892,
        -2.2981586519615536,
        -2.2444446872805104,
        -2.347675207021854,
        -2.2878174932791104,
        -2.2825597666352704,
        -2.382791318434847,
        -2.197267132443095,
        -2.249025008809438,
        -2.367015413157933,
        -2.39086142579783,
        -2.2956084824839555,
        -2.240863465975213,
        -2.32769771463049,
        -2.4111012135549696,
        -2.341636065348587,
        -2.2519359306426243,
        -2.409616424674288,
        -2.279576227661123,
        -2.305238080756784,
        -2.259178190170553,
        -2.2193222749283326,
        -2.431811302814103,
        -2.426169076061389,
        -2.142692668582352,
        -2.2709502973124955,
        -2.307822301710708,
        -2.1731891580498424,
        -2.283287138442303,
        -2.412850269103435,
        -2.3664345236935347,
        -2.2577963261391036,
        -2.2772306630345787,
        -2.2494410784175165,
        -2.249344320644421,
        -2.3618684903401603,
        -2.3205662535723097,
        -2.249532175436509,
        -2.3343215265565935,
        -2.272846852746165,
        -2.4013077300264842,
        -2.3217566567880272,
        -2.0928622436581428,
        -2.367580263620316,
        -2.2814379892542225,
        -2.393539034948938,
        -2.218825249058611,
        -2.3106714290922374,
        -2.298721758639551,
        -2.3319140097844953,
        -2.42068670778056,
        -2.3514894424540502,
        -2.245361679453611,
        -2.2567253931039857,
        -2.2290378380304636,
        -2.373207982142108,
        -2.295743485234907,
        -2.4059764824943044,
        -2.3892758348214103,
        -2.279508357729044,
        -2.2630563793165566,
        -2.3058078586486004,
        -2.3470599742457168,
        -2.331194079513183,
        -2.300727942521185,
        -2.329248878660887,
        -2.3026293822335835,
        -2.3030992364628795,
        -2.2990155608833445,
        -2.265276197542289,
        -2.258061978641631,
        -2.293034639298097,
        -2.3332597580568595,
        -2.1540963298053657,
        -2.2996825764976276,
        -2.312227444040791,
        -2.265481047990796,
        -2.2891841078870034,
        -2.2749980716037976,
        -2.391560676707957,
        -2.4271357822159354,
        -2.3027912839570894,
        -2.3440161525117595,
        -2.442863369540333,
        -2.350397110790134,
        -2.2785684723999737,
        -2.2822754653056267,
        -2.0584219134900947,
        -2.2783530384955517,
        -2.3660334726384726,
        -2.3608956461590482,
        -2.3122613315486538,
        -2.344201581371226,
        -2.2682966258974653,
        -2.3527856470916597,
        -2.2334123681448816,
        -2.21853045239307,
        -2.3095224401646877,
        -2.3745535107866202,
        -2.3807431392140264,
        -2.36190796247337,
        -2.203044427928044,
        -2.2415922738112206,
        -2.244759769333654,
        -2.2837224942552172,
        -2.3377724771159833,
        -2.3534999910619963,
        -2.2778521992924303,
        -2.300480337570293,
        -2.234230117854477,
        -2.3376449230900227,
        -2.431200681881293,
        -2.3272436461997605,
        -2.3353244374341697,
        -2.3856887634305295,
        -2.393137277707599,
        -2.3294887771418953,
        -2.1787792605292355,
        -2.346283812967527,
        -2.2711179569078532,
        -2.1719701928059663,
        -2.3137531255515205,
        -2.241282127612302,
        -2.247532244658687,
        -2.2965070100280327,
        -2.4521632615172892,
        -2.2917491445909643,
        -2.106870508232309,
        -2.4108798168883188,
        -2.443993810615439,
        -2.282382613980657,
        -2.3025502896766654,
        -2.400780417970893,
        -2.279042119792521,
        -2.2083477507528433,
        -2.4704620940269666,
        -2.29330899496067,
        -2.2372061301508466,
        -2.196541869558938,
        -2.2778599455624033,
        -2.445651716098326,
        -2.2586206815456875,
        -2.294389217723939,
        -2.2953181699183314,
        -2.370727049692058,
        -2.300771856021834,
        -2.2884554773851717,
        -2.2131195625987474,
        -2.2572343710709064,
        -2.340660156665709,
        -2.298032961174809,
        -2.378260826191538,
        -2.3501489481840276,
        -2.3748428720424126,
        -2.3399430584249434,
        -2.156278575182412,
        -2.3547889734833043,
        -2.250158747101176,
        -2.3412717900415796,
        -2.281557116947652,
        -2.3830298613068077,
        -2.219799984840007,
        -2.366723427365699,
        -2.3430821655264196,
        -2.3435129742132155,
        -2.2414756375656424,
        -2.205311359920022,
        -2.2397019088338355,
        -2.2645338622081246,
        -2.412642381154625,
        -2.2707842991768548,
        -2.359202443475854,
        -2.280970549216661,
        -2.2863719141778502,
        -2.3420693306548728,
        -2.2781989404161,
        -2.3556112716153157,
        -2.292782390897098,
        -2.342385262454625,
        -2.2793000407699537,
        -2.213310751448777,
        -2.364771793769776,
        -2.2059562695706445,
        -2.324351693586668,
        -2.265273955363831,
        -2.2879172430968824,
        -2.274275572407972,
        -2.358322318356121,
        -2.225264848916224,
        -2.447826266211108,
        -2.3654293118634353,
        -2.294126043347433,
        -2.365844603673609,
        -2.2513490892598598,
        -2.3395352270743572,
        -2.3710518468318895,
        -2.217442305157101,
        -2.377123799179096,
        -2.3117153928581478,
        -2.2067128025881333,
        -2.335051145259938,
        -2.2686175328572165,
        -2.4372489120573064,
        -2.3630957746652976,
        -2.261185034409272,
        -2.4293088224225494,
        -2.4119560250169485,
        -2.330555628514982,
        -2.271599127940362,
        -2.239212711095794,
        -2.1466625061911695,
        -2.183012151066629,
        -2.3420893331795933,
        -2.361897181016938,
        -2.229395935877044,
        -2.341471821242456,
        -2.207347302811371,
        -2.284608364223156,
        -2.315587751486509,
        -2.3136623181662492,
        -2.380705760166915,
        -2.263797231291003,
        -2.2903329166282367,
        -2.2968031469482684,
        -2.3402648350998696,
        -2.4506427519515364,
        -2.175354583440775,
        -2.2410852424868977,
        -2.439677492149967,
        -2.291044757199127,
        -2.311653502297134,
        -2.2229493628553016,
        -2.336065419985546,
        -2.299775985202789,
        -2.309452922914929,
        -2.4092429868634158,
        -2.2070086865473697,
        -2.2797478268704534,
        -2.3284533407233368,
        -2.193468125271377,
        -2.3514270482414994,
        -2.3303228777872316,
        -2.3435946550119997,
        -2.171295770127711,
        -2.2460700143677546,
        -2.3164706518338454,
        -2.31280631918139,
        -2.4227871196425026,
        -2.3030374206968274,
        -2.33396968405962,
        -2.2202484831695086,
        -2.3811029958492624,
        -2.3208110058071525,
        -2.3180304489188135,
        -2.245789740620294,
        -2.2034988151860064,
        -2.4510049227353345,
        -2.391286763639053,
        -2.321405014441786,
        -2.2945882789238405,
        -2.2197060967180557,
        -2.2849378913093936,
        -2.2493546736382974,
        -2.2605437903447294,
        -2.3561439727027076,
        -2.177810872116319,
